folder_name,automated_category,content_verified_category,match_yn,evidence_snippet,notes
ACCESS_Magnetofluidic_MOB_qPCR,RNA_Sequencing_Epigenomics,RNA_Sequencing_Epigenomics,Y,Protocol performs automated on-chip bisulfite conversion followed by real-time quantitative PCR to quantify DNA methylation levels.,Combines DNA bisulfite conversion with qPCR for epigenetic analysis; epigenomics methylation quantification is the primary focus.
ACE_Crispr_RAF1_Sorafenib,CRISPR_Based_Diagnostics,Synthetic_Biology_Genetic_Engineering,N,Protocol delivers CRISPR/Cas9 ribonucleoproteins to primary cancer cells via microfluidic electroporation for targeted gene editing.,Automated classifier labeled as Small_Molecule_Drug due to sorafenib keyword; primary technique is microfluidic CRISPR RNP gene editing.
AU_Shih_Wheeler_Bay_Microbioreactor,Device_Fabrication_Protocol_Formalization,Device_Fabrication_Protocol_Formalization,Y,"Protocol operates an integrated multi-chamber digital microbioreactor platform for continuous automated culture and density monitoring of bacteria, algae, and yeast.",
Aerosol_Sampling,Aerosol_Environmental,Aerosol_Environmental,Y,"Protocol interfaces air sampling with digital microfluidics for automated collection, extraction, and fluorometric quantification of airborne particles.",
Aerosol_ion_detection,Aerosol_Environmental,Aerosol_Environmental,Y,Protocol performs on-chip aerosol collection and chemical analysis of airborne inorganic ions and particulate matter.,
Ahmadi2019_id2m,Chemistry_Synthesis_Purification_MS,Device_Fabrication_Protocol_Formalization,N,"Protocol operates and characterizes an integrated droplet-digital microfluidic (ID2M) system for automated sub-nanoliter droplet generation, merging, and splitting.",Automated classifier labeled Chemistry_Synthesis_Purification_MS due to id2m keyword; actual protocol characterizes device fluidic operations.
Ahmadi_ML_DMF_18FFDG_ofat,Other,Chemistry_Synthesis_Purification_MS,N,Protocol automates the radiochemical synthesis of 18F-FDG on a digital microfluidic cartridge via fluorination and hydrolysis.,Radiochemical synthesis; automated classifier put this in Other.
Apoptosis,Cell_Based_Assay,Cell_Based_Assay,Y,Protocol monitors programmed cell death (apoptosis) in cultured cells using fluorescent caspase cleavage substrates.,
Bcarmen_Cas13_Detection,CRISPR_Based_Diagnostics,CRISPR_Based_Diagnostics,Y,Protocol utilizes Cas13-based CARMEN multiplexed detection for specific viral RNA sequence identification via fluorescent reporter cleavage.,
Behavioral_Modeling_of_PCR,PCR_NucleicAcid,PCR_NucleicAcid,Y,Protocol performs standard PCR thermal cycling and kinetic modeling of nucleic acid amplification.,
Biology_Protocols,Device_Fabrication_Protocol_Formalization,Device_Fabrication_Protocol_Formalization,Y,Protocol implements formal semantic representations and automated workflows for general molecular biology laboratory operations.,
Blood_Plasma_Separation,ELISA_Immunoassay,Extraction_Purification,N,Protocol uses microfluidic inertial cross-flow filtration to separate cell-free blood plasma from whole blood samples.,Automated classifier labeled ELISA_Immunoassay via serology keyword; primary operation is physical extraction and separation of plasma.
CCEP_Reciprocating,Device_Fabrication_Protocol_Formalization,Device_Fabrication_Protocol_Formalization,Y,Protocol characterizes contact charge electrification and reciprocating droplet mixing dynamics on digital microfluidic devices.,
CRISPR_MAGE_Droplet,Synthetic_Biology_Genetic_Engineering,Synthetic_Biology_Genetic_Engineering,Y,Protocol combines multiplex automated genome engineering (MAGE) with CRISPR-Cas selection in microfluidic droplets for iterative bacterial strain optimization.,
Cellspot_Multimodal,Aerosol_Environmental,Cell_Based_Assay,N,Protocol performs high-throughput multimodal single-cell optical and impedance phenotypic monitoring of cultured mammalian cells.,
Ciprofloxacin,ELISA_Immunoassay,ELISA_Immunoassay,Y,Protocol conducts a competitive enzyme-linked immunosorbent assay (ELISA) to detect and quantify ciprofloxacin antibiotic residues.,
Cnb_Steroid_Extraction,Extraction_Purification,Extraction_Purification,Y,Protocol carries out digital microfluidic extraction and cleanup of steroid hormones from core-needle biopsy tissue specimens.,Extraction protocol prior to downstream mass spectrometry/immunoassay.
Competitive_elisa,ELISA_Immunoassay,ELISA_Immunoassay,Y,Protocol executes a classic competitive enzyme-linked immunosorbent assay with chromogenic substrate readout.,
Cortisol_Droplet_ELISA,ELISA_Immunoassay,ELISA_Immunoassay,Y,Protocol performs a competitive droplet-based digital ELISA for quantitative measurement of cortisol in salivary samples.,
DBS_Succinylacetone,Clinical_Diagnostics_Newborn_Screening,Clinical_Diagnostics_Newborn_Screening,Y,Protocol extracts and quantifies succinylacetone from dried blood spot punches for clinical screening of tyrosinemia type I.,
DMF_AP_FDP_Enzyme_Assay,Enzyme_Kinetics_Screening,Enzyme_Kinetics_Screening,Y,Protocol measures alkaline phosphatase enzyme kinetics on digital microfluidics using fluorescein diphosphate fluorogenic substrate.,
DMF_Ecoli_Transformation,Synthetic_Biology_Genetic_Engineering,Synthetic_Biology_Genetic_Engineering,Y,Protocol automates the chemical and heat-shock genetic transformation of competent E. coli cells with plasmid DNA on a DMF chip.,
DMF_Ribozyme_Cleavage,Enzyme_Kinetics_Screening,Enzyme_Kinetics_Screening,Y,Protocol performs real-time fluorescence monitoring of multiple hammerhead ribozyme catalytic cleavage reactions on a digital microfluidic chip.,
DNA_Bisulfite_Conversion,RNA_Sequencing_Epigenomics,RNA_Sequencing_Epigenomics,Y,Protocol automates chemical bisulfite conversion and cleanup of unmethylated cytosines in genomic DNA for epigenetic profiling.,
DNA_Ligation,PCR_NucleicAcid,Synthetic_Biology_Genetic_Engineering,N,Protocol assembles recombinant DNA fragments via enzymatic T4 DNA ligation for molecular cloning.,Automated classifier labeled PCR_NucleicAcid; DNA fragment ligation is core synthetic biology / molecular cloning.
DNA_Methylomes,RNA_Sequencing_Epigenomics,RNA_Sequencing_Epigenomics,Y,Protocol processes single-cell genomic DNA for whole-genome bisulfite and methylation sequencing.,
Detection_of_Cardiac_Markers,ELISA_Immunoassay,ELISA_Immunoassay,Y,Protocol performs on-chip magnetic bead-based sandwich immunoassay for cardiac troponin and biomarker detection.,
Determination_of_Anthocyanin_Content,Phytochemical_Colorimetric_Assay,Phytochemical_Colorimetric_Assay,Y,Protocol determines total anthocyanin content in plant extracts via the pH differential spectrophotometric method.,
Determination_of_Flavonoid_Content,Phytochemical_Colorimetric_Assay,Phytochemical_Colorimetric_Assay,Y,Protocol performs spectrophotometric quantification of total flavonoid concentration in botanical tissue extracts.,
Diazepam,Small_Molecule_Drug,ELISA_Immunoassay,N,Protocol runs a competitive enzyme immunoassay for quantitative screening of diazepam in biological fluids.,Automated classifier labeled Small_Molecule_Drug; the actual wet-lab protocol executed is a competitive ELISA.
Digital_Eloha,Other,ELISA_Immunoassay,N,Protocol executes a digital enzyme-linked oligonucleotide hybridization assay (ELOHA) for single-molecule protein and nucleic acid counting without PCR amplification.,Enzyme-linked hybridization sandwich assay; classified under ELISA_Immunoassay based on enzyme-linked optical detection mechanism.
Digital_Isothermal_Cas13a_Assay,CRISPR_Based_Diagnostics,CRISPR_Based_Diagnostics,Y,Protocol performs single-molecule digital compartmentalized Cas13a cleavage assays for absolute quantification of viral RNA targets.,
Direct_elisa,ELISA_Immunoassay,ELISA_Immunoassay,Y,Protocol immobilizes antigen directly onto a solid support and detects binding using an enzyme-conjugated primary antibody.,
Distance_Based_Detection_Nucleic_Acid,PCR_NucleicAcid,PCR_NucleicAcid,Y,Protocol performs isothermal RT-LAMP amplification of SARS-CoV-2 viral RNA on digital microfluidics with visual distance-based readout.,Automated classifier labeled Clinical_Diagnostics_Newborn_Screening; primary assay technique is isothermal nucleic acid amplification (RT-LAMP).
Droplet_Antibiotic_MIC_Screen,Antimicrobial_Susceptibility_Testing,Antimicrobial_Susceptibility_Testing,Y,Protocol screens single-cell bacterial growth across antibiotic dilution gradients in microdroplets to determine minimum inhibitory concentration.,
Droplet_Scale_Estrogen,Small_Molecule_Drug,ELISA_Immunoassay,N,Protocol performs droplet-scale liquid extraction followed by enzyme-linked immunoassay quantification of estrogen from breast tissue homogenates.,
EWOD_In_Vitro_Manipulation,Device_Fabrication_Protocol_Formalization,Cell_Based_Assay,N,"Protocol performs automated culture, in vitro maturation, fertilization, and manipulation of live bovine embryos on an electrowetting device.",
Electrowetting_Realtime_Taqman_PCR,PCR_NucleicAcid,PCR_NucleicAcid,Y,Protocol conducts real-time fluorogenic TaqMan PCR on electrowetting digital microfluidics for human SNP allelic discrimination.,
Entrap_Conjugation,Synthetic_Biology_Genetic_Engineering,Synthetic_Biology_Genetic_Engineering,Y,Protocol performs high-throughput conjugative plasmid transfer between bacterial donor and recipient strains in microfluidic droplets.,
Enzymatic_Assay,Enzyme_Kinetics_Screening,Enzyme_Kinetics_Screening,Y,Protocol monitors alkaline phosphatase enzymatic reaction kinetics and substrate conversion over continuous time on DMF.,
Estimation_of_Ascorbic_Acid_Content,Phytochemical_Colorimetric_Assay,Phytochemical_Colorimetric_Assay,Y,"Protocol titrates plant tissue extracts with 2,6-dichloroindophenol dye to quantify ascorbic acid (vitamin C) content.",
Estimation_of_DPPH_Free_Radical_Scavenging_Activity,Phytochemical_Colorimetric_Assay,Phytochemical_Colorimetric_Assay,Y,"Protocol measures antioxidant radical scavenging capacity using the 2,2-diphenyl-1-picrylhydrazyl (DPPH) spectrophotometric assay.",
Estimation_of_Hydrogen_Peroxide,Phytochemical_Colorimetric_Assay,Phytochemical_Colorimetric_Assay,Y,Protocol quantifies hydrogen peroxide accumulation in leaf tissue homogenates using potassium iodide spectrophotometry.,
Estimation_of_Lipid_Peroxides,Phytochemical_Colorimetric_Assay,Phytochemical_Colorimetric_Assay,Y,Protocol assesses lipid peroxidation in biological tissues via the thiobarbituric acid reactive substances (TBARS) colorimetric assay.,
Estimation_of_Total_Phenolic_Content,Phytochemical_Colorimetric_Assay,Phytochemical_Colorimetric_Assay,Y,Protocol quantifies total phenolic compounds in plant extracts using the Folin-Ciocalteu colorimetric reagent.,
Estimation_of_Total_Soluble_Sugar,Phytochemical_Colorimetric_Assay,Phytochemical_Colorimetric_Assay,Y,Protocol measures total soluble carbohydrate content in botanical samples using the anthrone-sulfuric acid colorimetric method.,
Estradiol,Small_Molecule_Drug,ELISA_Immunoassay,N,Protocol performs magnetic bead-based chemiluminescent immunoassay for 17beta-estradiol quantification from biopsy extracts.,Automated classifier labeled Small_Molecule_Drug; protocol is an on-chip chemiluminescent immunoassay.
Exact2_TCA_Incubate,Other,Device_Fabrication_Protocol_Formalization,N,Protocol formalizes a trichloroacetic acid incubation procedure into machine-readable EXACT2 ontological operational primitives.,Automated classifier labeled Other; formalized protocol representation.
Exact_Yeast_Competent_Cells,Synthetic_Biology_Genetic_Engineering,Device_Fabrication_Protocol_Formalization,N,Protocol specifies an EXACT-ontology structured protocol for yeast culture growth and competent cell preparation.,Automated classifier labeled Synthetic_Biology_Genetic_Engineering; primary document nature is ontology-formalized procedure.
FDG_Radiosynthesis_ofat,Other,Chemistry_Synthesis_Purification_MS,N,"Protocol executes digital microfluidic radiochemical synthesis, drying, radiofluorination, and basic hydrolysis of 18F-FDG.",Automated classifier labeled Other; radiochemical synthesis.
Fentanyl,ELISA_Immunoassay,ELISA_Immunoassay,Y,Protocol performs a competitive enzyme immunoassay with colorimetric readout to detect fentanyl in toxicology samples.,
Flexible_Transparent_Fabrication,Device_Fabrication_Protocol_Formalization,Device_Fabrication_Protocol_Formalization,Y,"Protocol details the microfabrication, lithography, thin-film coating, and characterization of flexible transparent EWOD chips.",
Fucosylation_Inhibition_DMF,Chemistry_Synthesis_Purification_MS,Enzyme_Kinetics_Screening,N,Protocol carries out a fucosyltransferase enzyme inhibition screening assay on digital microfluidics using fluorescence image analysis.,Automated classifier labeled Chemistry_Synthesis_Purification_MS due to fucosylation keyword; protocol is an enzyme inhibition screening assay.
Glucose_Assay,Small_Molecule_Drug,Phytochemical_Colorimetric_Assay,N,Protocol quantifies glucose concentrations using the enzymatic glucose oxidase-peroxidase colorimetric chromogen method.,
Glucose_Detection,Small_Molecule_Drug,Phytochemical_Colorimetric_Assay,N,Protocol performs colorimetric glucose quantification via enzymatic oxidation and optical density measurement.,
Glycosylation,Chemistry_Synthesis_Purification_MS,Chemistry_Synthesis_Purification_MS,Y,Protocol carries out multi-step on-chip enzymatic and chemical derivatization of protein glycans for mass spectrometry characterization.,
Hemagglutination,ELISA_Immunoassay,ELISA_Immunoassay,Y,Protocol performs viral hemagglutination and antibody-mediated hemagglutination inhibition serological assays.,
Hepatotoxicity,Clinical_Diagnostics_Newborn_Screening,Cell_Based_Assay,N,Protocol assays drug-induced hepatotoxicity in primary cultured hepatocytes by measuring cell viability and metabolic lactate dehydrogenase release.,Automated classifier labeled Clinical_Diagnostics_Newborn_Screening due to keyword; actual protocol is a cell-based cytotoxicity screen.
Heroin,ELISA_Immunoassay,ELISA_Immunoassay,Y,Protocol performs competitive enzyme immunoassay screening for heroin metabolites (6-MAM) in forensic specimens.,
Human_Physiological_Fluids,Clinical_Diagnostics_Newborn_Screening,Extraction_Purification,N,"Protocol separates and purifies diagnostic biomarkers and metabolites from human urine, serum, and plasma on DMF.",
Human_Plasma_Protein_Depletion,Extraction_Purification,Extraction_Purification,Y,Protocol performs immunoaffinity depletion of high-abundance albumin and IgG proteins from human plasma prior to proteomic analysis.,
Husser_AIMS_Induction_BGL_SynBio,Synthetic_Biology_Genetic_Engineering,Synthetic_Biology_Genetic_Engineering,Y,Protocol operates an automated induction microfluidics system to culture engineered bacterial strains and induce recombinant enzyme expression with IPTG.,
Immunocytochemistry_Single_Cells,Cell_Based_Assay,Cell_Based_Assay,Y,"Protocol fixes, permeabilizes, and immunostains adherent single cells on digital microfluidics for high-content fluorescence microscopy.",
Immunoprecipitation,Immunoprecipitation,Immunoprecipitation,Y,Protocol isolates specific target antigen-protein complexes using antibody-coupled magnetic beads and sequential wash steps.,
Indirect_elisa,ELISA_Immunoassay,ELISA_Immunoassay,Y,"Protocol coats plates with antigen, binds primary unlabeled antibody, and quantifies binding using an enzyme-conjugated secondary antibody.",
Integrated_Mfselex,Aptamer_Selection_SELEX,Aptamer_Selection_SELEX,Y,Protocol executes iterative rounds of microfluidic SELEX partitioning and PCR amplification to select target-binding DNA aptamers.,
Jebrail_DMF_Proteomic_Processing,Omics_Proteomics,Omics_Proteomics,Y,"Protocol automates multistep proteomic sample preparation (reduction, alkylation, and tryptic digest) on a digital microfluidic device for mass spectrometry.",
Leal_Alves_Multiplex_Sorter_Strain_Development,Synthetic_Biology_Genetic_Engineering,Synthetic_Biology_Genetic_Engineering,Y,Protocol screens and sorts high-producing engineered bacterial strains in microfluidic droplets for synthetic biology strain development.,
Lengen_Lentiviral,Synthetic_Biology_Genetic_Engineering,Synthetic_Biology_Genetic_Engineering,Y,"Protocol produces, concentrates, and transduces lentiviral gene-delivery vectors into target mammalian host cells on-chip.",
Loop_Mediated_Isothermal_Amplification,PCR_NucleicAcid,PCR_NucleicAcid,Y,Protocol performs isothermal LAMP amplification with fluorescent calcein detection of target pathogen DNA.,
Lysosomal_Storage_Disease,Clinical_Diagnostics_Newborn_Screening,Clinical_Diagnostics_Newborn_Screening,Y,Protocol extracts dried blood spots on DMF to measure lysosomal enzymatic activities for clinical diagnosis of metabolic storage disorders.,
Mage_Electrotransformation,Synthetic_Biology_Genetic_Engineering,Synthetic_Biology_Genetic_Engineering,Y,Protocol delivers synthetic oligodeoxynucleotides to E. coli via on-chip electroporation for iterative multiplex genome editing.,
Mammalian_Cell_Culture_Platform,Cell_Based_Assay,Cell_Based_Assay,Y,"Protocol automates mammalian cell seeding, attachment, media perfusion, trypsinization, and splitting on a digital microfluidic platform.",
Maximize_Diagnostic_Tests,Clinical_Diagnostics_Newborn_Screening,Clinical_Diagnostics_Newborn_Screening,Y,Protocol implements automated extraction and multi-analyte clinical screening from newborn dried blood spot specimens.,
Microbial_Electroporation,Synthetic_Biology_Genetic_Engineering,Synthetic_Biology_Genetic_Engineering,Y,Protocol introduces recombinant plasmid vectors into electrocompetent bacterial cells using high-voltage microfluidic electroporation.,
Minute_Mammalian_Tissue,Omics_Proteomics,Omics_Proteomics,Y,Protocol performs microproteomic sample preparation from sub-milligram tissue biopsies using on-chip surfactant-assisted tryptic digestion.,
Moazami_World_to_Chip_DMF,Device_Fabrication_Protocol_Formalization,Device_Fabrication_Protocol_Formalization,Y,Protocol fabricates and characterizes a macro-to-micro fluidic interface enabling continuous reagent delivery onto digital microfluidics.,
Mobile_uMD_Duplex_dELISA,ELISA_Immunoassay,ELISA_Immunoassay,Y,Protocol conducts multiplexed digital droplet ELISA on a portable miniaturized fluorescence detector for point-of-care biomarker quantification.,
Morphine,ELISA_Immunoassay,ELISA_Immunoassay,Y,Protocol carries out competitive enzyme immunoassay on microplates for quantitative detection of morphine in forensic samples.,
Mselex_Aptamer_Selection,Aptamer_Selection_SELEX,Aptamer_Selection_SELEX,Y,Protocol executes microfluidic SELEX rounds to enrich DNA aptamer pools binding specifically to target protein biomarkers.,
Multiplex_Newborn_Screening,Clinical_Diagnostics_Newborn_Screening,Clinical_Diagnostics_Newborn_Screening,Y,Protocol measures 5 lysosomal enzyme activities simultaneously from a single dried blood spot punch on a digital microfluidic platform.,
NADH_Oxidoreductase,Omics_Proteomics,Enzyme_Kinetics_Screening,N,Protocol measures the catalytic rate and kinetic parameters of NADH-dependent oxidoreductase via spectrophotometric absorbance decay.,Automated classifier labeled Omics_Proteomics; actual assay is a continuous spectrophotometric enzyme kinetics assay.
Nance_Horan_Syndrome,Cell_Based_Assay,RNA_Sequencing_Epigenomics,N,Protocol isolates individual single cells from stroke-injured brain slice tissue using tDISCO for spatial single-cell RNA sequencing.,Automated classifier labeled Cell_Based_Assay; core workflow is spatial single-cell transcriptomic profiling.
Nucleic_Acid_Amplification,PCR_NucleicAcid,PCR_NucleicAcid,Y,Protocol generates nano-liter droplet arrays on a hybrid microfluidic device and performs on-demand LAMP nucleic acid amplification.,
Nucleic_Acid_Diagnostics,PCR_NucleicAcid,PCR_NucleicAcid,Y,Protocol executes RT-LAMP amplification on digital microfluidics with distance-based visual readout for SARS-CoV-2 RNA detection.,
Nucleosome_Immunoprecipitation,Immunoprecipitation,Immunoprecipitation,Y,Protocol pulls down intact mono- and poly-nucleosomes from sheared chromatin using antibody-conjugated superparamagnetic beads.,
Omics,Cell_Based_Assay,RNA_Sequencing_Epigenomics,N,Protocol isolates single cells from adherent cultures using digital microfluidics (DISCO) and prepares full-length cDNA for single-cell RNA-seq.,Automated classifier labeled Cell_Based_Assay; core workflow is single-cell RNA sequencing library construction.
Oxycodone,ELISA_Immunoassay,ELISA_Immunoassay,Y,Protocol performs competitive ELISA for quantitative toxicological detection of oxycodone in biological matrices.,
PCR,PCR_NucleicAcid,PCR_NucleicAcid,Y,Protocol synthesizes cDNA from RNA templates and performs real-time quantitative PCR amplification.,
Particle_Based_Immunoassays,ELISA_Immunoassay,ELISA_Immunoassay,Y,Protocol executes multi-analyte magnetic particle immunoassay on digital microfluidics for hormones and thyroid markers.,
Peptidisc_MSBA,Other,Enzyme_Kinetics_Screening,N,Protocol reconstitutes membrane protein ABC transporter MsbA in peptidiscs and quantifies ATPase enzymatic activity via malachite green.,Automated classifier labeled Other; enzyme kinetics / ATPase activity assay.
Picoliter_DNA_Sequencing,Device_Fabrication_Protocol_Formalization,PCR_NucleicAcid,N,Protocol conducts picoliter electrowetting pyrosequencing by sequential nucleotide dispensing and real-time bioluminescent detection.,
Picoliter_Droplet_Manipulation,Device_Fabrication_Protocol_Formalization,Device_Fabrication_Protocol_Formalization,Y,"Protocol tests and characterizes picoliter droplet generation, splitting, and transport across high-resolution electrowetting electrode chips.",
Pipette_DDPCR,PCR_NucleicAcid,PCR_NucleicAcid,Y,Protocol generates droplet emulsions using a handheld kit and performs droplet digital PCR for absolute nucleic acid quantification.,
Plasma_Metabolomics,Omics_Proteomics,Chemistry_Synthesis_Purification_MS,N,Protocol performs on-chip extraction of plasma metabolites followed by two-step chemical methoximation and silylation derivatization for GC-TOFMS.,Automated classifier labeled Omics_Proteomics; protocol is chemical derivatization and mass spectrometry preparation.
Point_Care_Testing,ELISA_Immunoassay,ELISA_Immunoassay,Y,Protocol executes magnetic bead sandwich ELISA for human insulin and IL-6 cytokines on an automated digital microfluidic platform.,
Porous_Polymer_Monoliths,Extraction_Purification,Extraction_Purification,Y,Protocol fabricates in situ porous polymer monolith solid phases within digital microfluidic chips for solid-phase extraction of peptides.,
Protein_Extraction_Precipitation,Extraction_Purification,Extraction_Purification,Y,"Protocol precipitates protein droplets on DMF with organic solvents, washes the pellet, and resolubilizes pure protein for quantification.",
Protein_Maldi_Stamping,Omics_Proteomics,Omics_Proteomics,Y,Protocol transports proteomic droplets via electrowetting and stamps sample microarrays for high-throughput MALDI mass spectrometry.,
Proteomic_Processing,Omics_Proteomics,Omics_Proteomics,Y,"Protocol automates protein reduction with DTT, alkylation with iodoacetamide, and tryptic digestion on DMF for shotgun proteomics.",
Pyrosequencing,PCR_NucleicAcid,PCR_NucleicAcid,Y,Protocol performs sequencing-by-synthesis on bead-bound DNA with luciferase-coupled optical monitoring of dNTP incorporation.,
Respiratory_RTQPCR,PCR_NucleicAcid,PCR_NucleicAcid,Y,Protocol performs multiplex real-time RT-PCR for simultaneous differential detection of multiple viral respiratory pathogens.,
Rubella_Infection_Detection,ELISA_Immunoassay,ELISA_Immunoassay,Y,Protocol performs on-chip magnetic bead ELISA to detect rubella virus-specific IgG and IgM antibodies in human serum.,
SARS_Cov2_QPCR,Clinical_Diagnostics_Newborn_Screening,PCR_NucleicAcid,N,Protocol performs quantitative reverse transcription PCR for the detection of SARS-CoV-2 viral RNA sequences.,Automated classifier labeled Clinical_Diagnostics_Newborn_Screening; primary assay technique is RT-qPCR.
Samlali_Hybrid_Microfluidics_Isoclone,Chemistry_Synthesis_Purification_MS,Synthetic_Biology_Genetic_Engineering,N,"Protocol encapsulates single hybridoma cells in microdroplets, screens for antibody secretion, and recovers isogenic monoclonals for cell line engineering.",Automated classifier labeled Chemistry_Synthesis_Purification_MS; protocol is single-cell clonal cell line development.
Sandwich_elisa,ELISA_Immunoassay,ELISA_Immunoassay,Y,Protocol binds target protein between capture and detection antibodies on a solid microplate with enzymatic substrate conversion.,
Shih_Algae_Lipid_DMF_Screen,Other,Extraction_Purification,N,"Protocol lyses microalgae, extracts neutral lipid droplets on DMF, and quantifies lipid content using Nile Red fluorometry.",Automated classifier labeled Other; lipid extraction and fluorometric screening.
Shih_DBS_DMF_Nesi_MS,Other,Clinical_Diagnostics_Newborn_Screening,N,Protocol extracts dried blood spots on DMF and directly interfaces with nanoelectrospray mass spectrometry for newborn metabolic screening.,Automated classifier labeled Other; newborn screening.
Shih_DMF_Cell_Impedance_Sensing,Aerosol_Environmental,Cell_Based_Assay,N,"Protocol measures real-time electric cell-substrate impedance to monitor live cell attachment, growth, and toxic response on DMF.",Automated classifier labeled Aerosol_Environmental due to 'sensing' keyword; actual assay is a cell-based impedance assay.
Shih_Versatile_DMF_Synbio,Synthetic_Biology_Genetic_Engineering,Synthetic_Biology_Genetic_Engineering,Y,"Protocol automates multi-part Golden Gate DNA assembly, transformation into competent cells, and outgrowth on digital microfluidics.",
Single_Cell_Analysis_and_Sorting,Cell_Based_Assay,Cell_Based_Assay,Y,"Protocol encapsulates single mammalian cells in picoliter droplets, screens fluorescence markers, and sorts target cell populations.",
Single_Molecule_Array_Assay,ELISA_Immunoassay,ELISA_Immunoassay,Y,Protocol performs digital ELISA on single paramagnetic beads trapped in femtoliter microwell arrays for ultra-sensitive biomarker counting.,
TNT_Explosive_Detection,Clinical_Diagnostics_Newborn_Screening,Clinical_Diagnostics_Newborn_Screening,Y,Protocol detects trinitrotoluene residues on microfluidic test cards using colorimetric hydroxide Meisenheimer complex formation.,
TSH_Immunoassay,ELISA_Immunoassay,ELISA_Immunoassay,Y,Protocol performs magnetic bead sandwich enzyme immunoassay for clinical quantification of thyroid-stimulating hormone.,
Titration_Open_Surface,Dilution,Dilution,Y,"Protocol performs automated open-surface droplet dispensing, serial volumetric mixing, and acid-base indicator titration.",
TriDrop_Electroporation,Synthetic_Biology_Genetic_Engineering,Synthetic_Biology_Genetic_Engineering,Y,Protocol co-encapsulates cells and genetic plasmid DNA in three-phase droplets for high-efficiency flow-through electroporation.,
Tridrop_Transfection,Synthetic_Biology_Genetic_Engineering,Synthetic_Biology_Genetic_Engineering,Y,Protocol executes microfluidic droplet-mediated delivery of exogenous DNA constructs into mammalian cell lines.,
XPORT_ENTRAP,Synthetic_Biology_Genetic_Engineering,Synthetic_Biology_Genetic_Engineering,Y,Protocol performs high-throughput conjugative plasmid transfer between Bacillus subtilis donor and recipient cells in microfluidic droplets.,
Zika_Virus_Diagnostic,PCR_NucleicAcid,PCR_NucleicAcid,Y,Protocol performs isothermal RT-LAMP amplification for rapid diagnostic detection of Zika virus RNA in clinical samples.,
abasiyanik2021_sars_cov2_saliva_detection,Clinical_Diagnostics_Newborn_Screening,PCR_NucleicAcid,N,Protocol performs digital proximity ligation assay with RT-ddPCR readout for ultrasensitive quantification of SARS-CoV-2 viral antigen and RNA in saliva.,
abasiyanik_dpla_ddpcr_septic_shock,PCR_NucleicAcid,PCR_NucleicAcid,Y,Protocol performs digital proximity ligation assays coupled to droplet digital PCR to quantify bacterial load and inflammatory cytokines in septic shock.,
ahmadi_2024_mab_discovery,Cell_Based_Assay,Cell_Based_Assay,Y,Protocol screens single B-cells encapsulated in microfluidic droplets for antigen-specific monoclonal antibody secretion and affinity binding.,
albayrak_digital_pla_rtddpcr,PCR_NucleicAcid,RNA_Sequencing_Epigenomics,N,Protocol performs single-cell digital proximity ligation assays and reverse transcription droplet digital PCR to simultaneously quantify protein and mRNA abundance.,
bell_sperm_seq_library_generation,PCR_NucleicAcid,PCR_NucleicAcid,Y,Protocol prepares single-cell sequencing libraries from individual human sperm cells using droplet microfluidic barcoding and PCR amplification.,
chen_concentrator_droplet_mmp_assay,Chemistry_Synthesis_Purification_MS,Enzyme_Kinetics_Screening,N,Protocol concentrates matrix metalloproteinase enzymes in microdroplets using ion concentration polarization to measure protease enzymatic cleavage kinetics.,Automated classifier labeled Chemistry_Synthesis_Purification_MS due to concentrator keyword; protocol is an enzyme activity/kinetics assay.
choi_dmf_tsh_immunoassay,ELISA_Immunoassay,ELISA_Immunoassay,Y,Protocol performs an automated magnetic bead-based sandwich ELISA for thyroid-stimulating hormone on a digital microfluidic chip.,
clelland_pcr_ddpcr,PCR_NucleicAcid,PCR_NucleicAcid,Y,Protocol executes standard end-point PCR thermal cycling followed by droplet digital PCR partitioning and amplification.,
deng2025_d2_droplet_digital_recovery,Cell_Based_Assay,Cell_Based_Assay,Y,"Protocol encapsulates single cells in droplets, performs phenotypic screening, and selectively recovers viable target cells via digital microfluidics.",
dettinger_2018_lsim_single_cell,Cell_Based_Assay,Cell_Based_Assay,Y,Protocol tracks live single cells in microfluidic chambers under dynamic computer-controlled chemical stimulation profiles.,
droplet_volume_measurement_beads,Device_Fabrication_Protocol_Formalization,Device_Fabrication_Protocol_Formalization,Y,Protocol measures and calibrates microfluidic droplet generation volumes by counting encapsulated reference fluorescent microspheres.,
fobel_paper_dmf_digital_microfluidics,Other,Device_Fabrication_Protocol_Formalization,N,"Protocol fabricates, prints, and validates paper-based digital microfluidic devices using inkjet-printed conductive ink electrodes.",Automated classifier labeled Other; paper DMF device fabrication and characterization.
fuller_droplet_on_tape_dot,Device_Fabrication_Protocol_Formalization,Device_Fabrication_Protocol_Formalization,Y,"Protocol establishes a droplet-on-tape microfluidic platform for transporting, mixing, and processing discrete reaction droplets on flexible tape.",
heinemann_uNIMS_enzyme_screening,Enzyme_Kinetics_Screening,Enzyme_Kinetics_Screening,Y,Protocol incubates enzyme-substrate droplets on-chip and transfers reaction products to nanostructure-initiator mass spectrometry surfaces for rapid kinetic screening.,Automated classifier labeled Extraction_Purification due to NIMS mass spec keywords; primary assay goal is functional enzyme activity screening.
hou_2015_dff_bacteremia,Oncology_Cell_Pathology,Antimicrobial_Susceptibility_Testing,N,Protocol isolates intact bacterial pathogens directly from whole blood using dean flow fractionation and screens for antibiotic drug resistance.,Automated classifier labeled Oncology_Cell_Pathology due to 'bacteremia' keyword; actual protocol is rapid bacteremia isolation and antibiotic susceptibility testing.
hou_margination_pathogen_removal_blood,Other,Extraction_Purification,N,Protocol removes pathogens and leukocytes from whole blood continuously using biomimetic cell margination in inertial microfluidic channels.,Automated classifier labeled Other; blood pathogen separation and purification.
jebrail_combinatorial_peptidomimetics_dmf,Chemistry_Synthesis_Purification_MS,Chemistry_Synthesis_Purification_MS,Y,Protocol performs automated combinatorial solid-phase chemical synthesis of peptidomimetic oligomers on a digital microfluidic platform.,
jebrail_dmf_evaporation_mgmt,Device_Fabrication_Protocol_Formalization,Device_Fabrication_Protocol_Formalization,Y,Protocol characterizes and regulates automated solvent replenishment algorithms to prevent droplet evaporation on open DMF chips.,
jebrail_dmf_protein_precipitation,Extraction_Purification,Extraction_Purification,Y,"Protocol mixes protein samples with trichloroacetic acid on DMF, precipitates protein aggregates, washes the pellet, and resolubilizes it.",
jebrail_macrocycle_dmf,Chemistry_Synthesis_Purification_MS,Chemistry_Synthesis_Purification_MS,Y,Protocol conducts multi-step automated chemical synthesis and cyclization of peptide-based macrocycles on digital microfluidics.,
jebrail_world_to_dmf_rna_extraction,Extraction_Purification,Extraction_Purification,Y,"Protocol processes whole blood through a macro-to-micro interface, performing automated on-chip magnetic bead RNA extraction and purification.",
junkin_single_cell_immune_dynamics,Cell_Based_Assay,Cell_Based_Assay,Y,Protocol monitors dynamic NF-kB nuclear translocation and cytokine secretion in live single macrophages exposed to immune stimuli.,
junkin_tay_singlecell_immune,Cell_Based_Assay,Cell_Based_Assay,Y,Protocol tracks single-cell immune signaling cascades and temporal transcription factor dynamics in microfluidic cell chambers.,
kellogg_microfluidic_singlecell_pipeline,Cell_Based_Assay,Cell_Based_Assay,Y,Protocol cultures and images hundreds of individual mammalian cells in parallel chambers to analyze dynamic cytokine signaling pathways.,
kellogg_nfkb_digital_signaling,Cell_Based_Assay,Cell_Based_Assay,Y,Protocol performs live-cell fluorescence imaging of single-cell NF-kB transcription factor activation under varying ligand concentrations.,
kellogg_nfkb_tlr_nonintegrative,Cell_Based_Assay,Cell_Based_Assay,Y,Protocol exposes single immune cells to combinatorial Toll-like receptor agonists to measure single-cell signaling responses.,
khoo_ctc_liquid_biopsy_drug_screening,Oncology_Cell_Pathology,Oncology_Cell_Pathology,Y,"Protocol isolates circulating tumor cells from blood, expands CTC clusters on-chip, and screens sensitivity to anticancer drug panels.",
khoo_ctc_microfluidic_cluster,Oncology_Cell_Pathology,Oncology_Cell_Pathology,Y,Protocol captures and cultures patient-derived circulating tumor cell clusters in microfluidic microwell arrays for phenotypic analysis.,
kim2013_ngs_library_prep_dmf,PCR_NucleicAcid,PCR_NucleicAcid,Y,"Protocol automates DNA fragmentation, end repair, adapter ligation, and PCR amplification for next-generation sequencing library prep on DMF.",
kim_icp_multistage_brine_desalination,Chemistry_Synthesis_Purification_MS,Chemistry_Synthesis_Purification_MS,Y,Protocol performs continuous desalination and ion separation of high-salinity brine using multi-stage ion concentration polarization.,
kim_immunomodulator_hts,Chemistry_Synthesis_Purification_MS,Chemistry_Synthesis_Purification_MS,Y,Protocol synthesizes and screens combinatorial small-molecule immunomodulators and adjuvants for toll-like receptor activation.,
ko_multiplexed_nanofluidic_concentration_immunoassay,ELISA_Immunoassay,ELISA_Immunoassay,Y,Protocol preconcentrates biomarker proteins via nanofluidic ion concentration polarization and performs sensitive heterogeneous immunoassay detection.,
kwak_icp_continuous_flow_concentrator,Chemistry_Synthesis_Purification_MS,Chemistry_Synthesis_Purification_MS,Y,Protocol continuously concentrates charged biomolecules and chemical solutes using a microfluidic ion concentration polarization junction.,
kwon_microfluidic_cell_retention_perfusion,Cell_Based_Assay,Cell_Based_Assay,Y,Protocol retains high-density suspension cells within a microfluidic bioreactor during continuous perfusion culture and media exchange.,
lafreniere_attractive_design_dmf_spe,Extraction_Purification,Extraction_Purification,Y,Protocol implements on-chip solid-phase extraction (SPE) using functionalized magnetic particles for automated sample cleanup on DMF.,
lee_nafion_proteomic_preconcentrator,Chemistry_Synthesis_Purification_MS,Chemistry_Synthesis_Purification_MS,Y,Protocol preconcentrates low-abundance peptide and protein samples across a Nafion membrane junction for downstream mass spectrometry.,
lin2019_udpla_single_cell_protein_mrna,Cell_Based_Assay,RNA_Sequencing_Epigenomics,N,Protocol performs ultra-sensitive digital proximity ligation assays to simultaneously quantify protein and mRNA abundance in single cells.,Automated classifier labeled Cell_Based_Assay; primary assay technique is proximity ligation single-cell transcript/protein digital profiling.
matthews_organoid_organoid_id,Cell_Based_Assay,Cell_Based_Assay,Y,Protocol cultures patient-derived tumor and intestinal organoids in 3D matrices and tracks individual organoid morphodynamics.,
mei_dmf_plasma_protein_depletion,Extraction_Purification,Extraction_Purification,Y,Protocol depletes high-abundance serum albumin and immunoglobulins from human blood plasma using magnetic immunoaffinity beads on DMF.,
mercadovasquez_ultrashort_macrophage_nfkb,Cell_Based_Assay,Cell_Based_Assay,Y,Protocol delivers sub-second pulses of cytokine ligands to single macrophages to measure transient NF-kB transcriptional activation dynamics.,
miller_dmf_immunoassay,ELISA_Immunoassay,ELISA_Immunoassay,Y,Protocol performs automated heterogeneous sandwich immunoassay on DMF with magnetic bead separation and enzymatic chemiluminescent readout.,
mousa_dmf_estrogen_extraction,Extraction_Purification,Extraction_Purification,Y,Protocol extracts estrogen steroid hormones from breast tissue biopsies using on-chip liquid-liquid phase partitioning on DMF.,
ng2012_dmf_immunoassay,ELISA_Immunoassay,ELISA_Immunoassay,Y,Protocol implements magnetic bead handling and washing protocols on DMF for automated heterogeneous immunoassays.,
ng2015_DISC_dmf,RNA_Sequencing_Epigenomics,Cell_Based_Assay,N,"Protocol performs single-cell immunocytochemistry, antibody staining, and phospho-protein quantification in adherent cells on DMF.",Automated classifier labeled RNA_Sequencing_Epigenomics due to DISC keyword; protocol is single-cell immunocytochemistry/fluorescence microscopy.
ng2015_dmf_rubella_immunoassay,ELISA_Immunoassay,ELISA_Immunoassay,Y,Protocol performs digital microfluidic magnetic bead immunoassay for detecting rubella virus-specific IgG and IgM antibodies in serum.,
ng_dmf_immunoassay_disc,ELISA_Immunoassay,ELISA_Immunoassay,Y,Protocol develops and executes magnetic particle-based heterogeneous ELISA assays on digital microfluidic cartridges.,
northen_nims_mass_spectrometry,Chemistry_Synthesis_Purification_MS,Chemistry_Synthesis_Purification_MS,Y,Protocol synthesizes and functionalizes nanostructure-initiator mass spectrometry surfaces for matrix-free laser desorption/ionization.,
patel_dropgenie_dmf_crispr_screen,CRISPR_Based_Diagnostics,Synthetic_Biology_Genetic_Engineering,N,Protocol performs arrayed CRISPR/Cas9 ribonucleoprotein electroporation and knockout screening in primary human T cells on DMF.,Automated classifier labeled CRISPR_Based_Diagnostics; protocol is cellular CRISPR genome editing / knockout screening.
patel_nfkb_computer_vision_single_cell,Cell_Based_Assay,Cell_Based_Assay,Y,Protocol captures single-cell time-lapse fluorescence microscopy of NF-kB nuclear translocation in response to TNF-alpha stimulation.,
phan_fdseq_pfa_scrna,PCR_NucleicAcid,RNA_Sequencing_Epigenomics,N,Protocol performs droplet-based single-cell RNA sequencing (FD-seq) on paraformaldehyde-fixed cells to profile transcriptomic states.,Automated classifier labeled PCR_NucleicAcid; core assay is single-cell RNA sequencing (scRNA-seq).
ramshani_ev_mirna_integrated_microfluidics,RNA_Sequencing_Epigenomics,RNA_Sequencing_Epigenomics,Y,Protocol isolates extracellular vesicles from blood plasma and quantifies target microRNA using integrated on-chip sensing.,
sarkar_microfluidic_probe_singlecell_analysis,Cell_Based_Assay,Cell_Based_Assay,Y,Protocol uses a hydrodynamic microfluidic probe to locally deliver biochemical stimulants and lyse single adherent cells in culture.,
schuster_organoid_drug_screening,Cell_Based_Assay,Cell_Based_Assay,Y,Protocol cultures 3D patient-derived tumor organoids in automated microfluidic perfusion channels and screens drug response.,
schwarz_chemokine_migration_microfluidics,Chemistry_Synthesis_Purification_MS,Cell_Based_Assay,N,Protocol establishes stable chemokine concentration gradients in microchannels and tracks directed chemotactic migration of immune cells.,Automated classifier labeled Chemistry_Synthesis_Purification_MS; protocol is a cell-based chemotaxis / migration assay.
shamsi_dmf_ecl_mirna,RNA_Sequencing_Epigenomics,RNA_Sequencing_Epigenomics,Y,Protocol performs electrochemiluminescence-based hybridization detection and profiling of target microRNAs on digital microfluidics.,
smitha_pillai_scadpl_breast_cancer,Oncology_Cell_Pathology,Oncology_Cell_Pathology,Y,Protocol performs single-cell activity-based chemoproteomic profiling on breast cancer cells to identify metastatic signaling signatures.,
son2023_coculture_spatiotemporal,Cell_Based_Assay,Cell_Based_Assay,Y,Protocol co-cultures multiple mammalian cell types in microfluidic channels to analyze spatiotemporal paracrine cell-cell signaling.,
son_nfkb_dose_differentiation,Cell_Based_Assay,Cell_Based_Assay,Y,Protocol stimulates single live immune cells with varying concentrations of TNF ligand to measure NF-kB dose response dynamics.,
son_nfkb_stimulus_dynamics,Cell_Based_Assay,Cell_Based_Assay,Y,Protocol applies dynamic temporal pulses of inflammatory stimuli to single cells and records NF-kB transcription factor translocation.,
son_spatiotemporal_nfkb_microfluidics,Cell_Based_Assay,Cell_Based_Assay,Y,Protocol establishes spatiotemporal cytokine gradient fields across cultured cell chambers to quantify single-cell NF-kB activation.,
tay_nfkb_signaling_dynamic_range,Cell_Based_Assay,Cell_Based_Assay,Y,Protocol measures single-cell NF-kB activation stochasticity and dynamic response thresholds in microfluidic cell trap arrays.,
vc0005_aav_ddpcr_quantification,PCR_NucleicAcid,PCR_NucleicAcid,Y,Protocol quantifies adeno-associated virus (AAV) vector genomic titers using droplet digital PCR partitioning and amplification.,
venturelli_gut_microbiome_glv,Cell_Based_Assay,Cell_Based_Assay,Y,Protocol co-cultures synthetic human gut microbial consortia in microfluidic droplets to map inter-species ecological interactions.,
vistain_proxseq_10x,RNA_Sequencing_Epigenomics,RNA_Sequencing_Epigenomics,Y,Protocol uses proximity sequencing (Prox-seq) with oligonucleotide-labeled antibodies to quantify protein complexes and mRNA on 10x single-cell platforms.,
vistain_proxseq_nature_methods_2022,RNA_Sequencing_Epigenomics,RNA_Sequencing_Epigenomics,Y,Protocol profiles single-cell protein-protein interactions and mRNA expression simultaneously via proximity ligation sequencing.,
wang2025_macrophage_memory,Cell_Based_Assay,Cell_Based_Assay,Y,Protocol investigates macrophage innate immune memory by tracking transcription factor translocation and chromatin dynamics over sequential stimulations.,
wang_2d_ief_cge_protein_separation,Chemistry_Synthesis_Purification_MS,Chemistry_Synthesis_Purification_MS,Y,Protocol separates complex protein mixtures using two-dimensional on-chip isoelectric focusing coupled to capillary gel electrophoresis.,
wang_nfkb_sequential_stimulation,Cell_Based_Assay,Cell_Based_Assay,Y,Protocol applies sequential inflammatory pulses to macrophages in microfluidic traps to measure transcriptional memory.,
wang_sproxseq_germinal_center,RNA_Sequencing_Epigenomics,RNA_Sequencing_Epigenomics,Y,Protocol performs spatial proximity sequencing (SPAR-seq) to map cellular protein interactions in lymph node germinal center tissue sections.,
warkiani_malaria_inertial_microfluidics,Oncology_Cell_Pathology,Oncology_Cell_Pathology,Y,Protocol enriches malaria-parasitized red blood cells from whole blood based on parasite-induced cell stiffening in spiral microchannels.,
warkiani_membraneless_microfiltration,Extraction_Purification,Extraction_Purification,Y,Protocol performs continuous membrane-less filtration and blood plasma separation using inertial microfluidic focusing.,
warkiani_spiral_ctc_enrichment,Oncology_Cell_Pathology,Oncology_Cell_Pathology,Y,Protocol isolates rare circulating tumor cells from patient blood based on hydrodynamic cell size differences in spiral biochips.,
warkiani_spiral_ctc_isolation,Oncology_Cell_Pathology,Oncology_Cell_Pathology,Y,Protocol performs ultra-fast label-free isolation of viable circulating tumor cells from whole blood using spiral inertial microfluidics.,
watson_multilayer_hybrid_microfluidics_dmf,Device_Fabrication_Protocol_Formalization,Device_Fabrication_Protocol_Formalization,Y,Protocol fabricates a multilayer hybrid microfluidic interface coupling digital microfluidic droplet manipulation to channel-based separation.,
watterson_anaerobic_droplet_cultivation,Other,Antimicrobial_Susceptibility_Testing,N,Protocol cultures anaerobic human gut microbiota in microdroplets and screens for antibiotic-resistant bacterial isolates.,Automated classifier labeled Other; droplet cultivation and antibiotic resistance screening.
watterson_anaerobic_droplet_gut_microbiome,Cell_Based_Assay,Cell_Based_Assay,Y,"Protocol isolates, cultures, and sorts anaerobic gut microbial species in microfluidic droplets for microbiome population analysis.",
xia_proxseq_computational_prediction,RNA_Sequencing_Epigenomics,RNA_Sequencing_Epigenomics,Y,Protocol validates proximity sequencing molecular assays and interaction data for single-cell protein complex quantification.,
xie_droplet_paired_tag,RNA_Sequencing_Epigenomics,RNA_Sequencing_Epigenomics,Y,Protocol performs droplet-based joint profiling of histone post-translational modifications and transcriptome (Paired-Tag) in single cells.,
yang_2011_dmf_spe_ppm,Extraction_Purification,Extraction_Purification,Y,Protocol forms porous polymer monolith solid phases on DMF chips for solid-phase extraction and cleanup of biological peptide samples.,
yin2020_denv_multiplexed_pcr,PCR_NucleicAcid,PCR_NucleicAcid,Y,Protocol executes multiplexed PCR amplification with impedance-based detection for serotype-specific identification of Dengue virus.,
zhou_mcf7_deformability_impedance,Oncology_Cell_Pathology,Oncology_Cell_Pathology,Y,Protocol flows MCF-7 breast cancer cells through microfluidic constrictions to characterize single-cell mechanical deformability and electrical impedance.,
